{"-1002164511324:23029": 1777460413.4112864, "-1002164511324:23031": 1777460526.112651, "-1002164511324:23032": 1777460652.9390812, "-1002164511324:23033": 1777460660.546411, "-1002164511324:23034": 1777460802.4455554, "-1002164511324:23035": 1777460831.6986444, "-1002164511324:23036": 1777460894.651016, "-1002164511324:23037": 1777460958.1501815, "-1002164511324:23038": 1777460962.7165737, "-1002164511324:23039": 1777461253.4086456}