{
  "V0_BASELINE": {
    "annual": 11.528728222465888,
    "dd": 20.153144270197494,
    "calmar": 0.5720560557646874,
    "loss_init": 19.020079365079347,
    "final": 72591.19000000002,
    "yrs_pos": 9,
    "yrs_neg": 2,
    "worst_y": -8.058888888888882,
    "best_y": 26.18547619047623,
    "time_s": 454.46803283691406
  },
  "V1_DEEP": {
    "annual": 10.07741711048455,
    "dd": 18.547803316662918,
    "calmar": 0.5433213269752128,
    "loss_init": 17.84214285714284,
    "final": 63452.94000000003,
    "yrs_pos": 9,
    "yrs_neg": 2,
    "worst_y": -6.883730158730151,
    "best_y": 19.700238095238138,
    "time_s": 75.56770634651184
  },
  "V2_VERY_DEEP": {
    "annual": 7.97255900167085,
    "dd": 16.761934346508376,
    "calmar": 0.47563478276787235,
    "loss_init": 16.209920634920625,
    "final": 50199.600000000035,
    "yrs_pos": 10,
    "yrs_neg": 1,
    "worst_y": -8.258968253968249,
    "best_y": 13.007539682539718,
    "time_s": 72.06034231185913
  },
  "V3_EXTREME_DEEP": {
    "annual": 5.2409749416945175,
    "dd": 12.856775764667736,
    "calmar": 0.40764302322962404,
    "loss_init": 12.527222222222212,
    "final": 33000.050000000025,
    "yrs_pos": 10,
    "yrs_neg": 1,
    "worst_y": -8.49753968253968,
    "best_y": 9.275873015873016,
    "time_s": 61.993587493896484
  },
  "V4_WIDE": {
    "annual": 7.925715873886102,
    "dd": 15.728764018932573,
    "calmar": 0.5038994713345555,
    "loss_init": 15.061349206349187,
    "final": 49904.649999999994,
    "yrs_pos": 10,
    "yrs_neg": 1,
    "worst_y": -8.515158730158728,
    "best_y": 17.38031746031748,
    "time_s": 62.52843165397644
  },
  "V5_TIGHT_DEEP": {
    "annual": 7.0549371475564016,
    "dd": 16.470599392120317,
    "calmar": 0.4283351795279258,
    "loss_init": 16.113809523809508,
    "final": 44421.75000000006,
    "yrs_pos": 10,
    "yrs_neg": 1,
    "worst_y": -9.33087301587301,
    "best_y": 13.051666666666684,
    "time_s": 66.67886233329773
  },
  "V6_DUAL_MA": {
    "annual": 0.8209434828390386,
    "dd": 19.375609647868206,
    "calmar": 0.042369943333853376,
    "loss_init": 19.24769841269843,
    "final": 5169.109999999979,
    "yrs_pos": 7,
    "yrs_neg": 4,
    "worst_y": -10.537222222222226,
    "best_y": 8.815079365079376,
    "time_s": 72.05420970916748
  },
  "V7_SINGLE_DEEP": {
    "annual": 1.7120015751183544,
    "dd": 4.382430605366213,
    "calmar": 0.39065115441235665,
    "loss_init": 4.357539682539671,
    "final": 10779.700000000019,
    "yrs_pos": 10,
    "yrs_neg": 1,
    "worst_y": -2.585238095238094,
    "best_y": 3.3876984126984198,
    "time_s": 59.591943979263306
  }
}